ID,Date,Type,Category,Description,Amount
455,2026-07-27,Expense,Food & Dining,Food & Dining,120.0
466,2026-07-25,Income,Business Income,Business Income,120.0
456,2026-07-25,Expense,Savings,Savings,300.0
462,2026-07-23,Expense,Emergency,Emergency,48.0
468,2026-07-21,Expense,Emergency,Emergency,35.0
464,2026-07-20,Expense,Fuel,Fuel,250.0
460,2026-07-20,Expense,Travel,Travel,25.0
467,2026-07-17,Expense,Mobile Bill,Mobile Bill,129.0
463,2026-07-17,Expense,Shopping,Shopping,450.0
459,2026-07-16,Expense,Utilities,Utilities,90.0
461,2026-07-12,Expense,Education,Education,180.0
458,2026-07-12,Expense,Gifts & Donations,Gifts & Donations,180.0
457,2026-07-06,Expense,Personal Care,Personal Care,150.0
465,2026-07-05,Expense,Clothing,Clothing,18.0
3,2026-07-02,Income,Salary,monthly sallary,3500.0
2,2026-07-02,Income,Salary,"monthly sallary
",3500.0
1,2026-07-02,Income,Salary,,0.0
454,2026-07-01,Income,Salary,Monthly Salary,3500.0
442,2026-06-26,Expense,Clothing,Clothing,25.0
450,2026-06-24,Expense,Personal Care,Personal Care,300.0
446,2026-06-24,Income,Other Income,Other Income,120.0
440,2026-06-23,Expense,Clothing,Clothing,220.0
447,2026-06-19,Expense,Internet,Internet,42.0
449,2026-06-17,Expense,Rent,Rent,450.0
448,2026-06-16,Expense,Emergency,Emergency,48.0
444,2026-06-16,Expense,Personal Care,Personal Care,42.0
451,2026-06-09,Expense,Shopping,Shopping,180.0
452,2026-06-08,Expense,Fitness,Fitness,48.0
443,2026-06-08,Expense,Shopping,Shopping,120.0
453,2026-06-04,Expense,Travel,Travel,129.0
441,2026-06-03,Income,Rental Income,Rental Income,650.0
445,2026-06-02,Expense,Loan Payment,Loan Payment,90.0
439,2026-06-01,Income,Salary,Monthly Salary,3500.0
436,2026-05-28,Expense,Groceries,Groceries,250.0
438,2026-05-26,Expense,Fitness,Fitness,18.0
430,2026-05-26,Expense,Personal Care,Personal Care,450.0
429,2026-05-26,Expense,Mobile Bill,Mobile Bill,25.0
434,2026-05-23,Income,Business Income,Business Income,300.0
428,2026-05-23,Expense,Savings,Savings,18.0
431,2026-05-22,Expense,Mobile Bill,Mobile Bill,58.0
427,2026-05-21,Expense,Transportation,Transportation,90.0
432,2026-05-20,Expense,Personal Care,Personal Care,35.0
433,2026-05-17,Expense,Insurance,Insurance,129.0
435,2026-05-15,Expense,Rent,Rent,180.0
425,2026-05-10,Expense,Personal Care,Personal Care,250.0
437,2026-05-04,Expense,Insurance,Insurance,42.0
426,2026-05-04,Expense,Travel,Travel,129.0
424,2026-05-01,Income,Salary,Monthly Salary,3500.0
418,2026-04-27,Expense,Miscellaneous,Miscellaneous,75.0
422,2026-04-25,Expense,Rent,Rent,250.0
417,2026-04-23,Income,Interest,Interest,1000.0
412,2026-04-22,Income,Freelance,Freelance,150.0
411,2026-04-21,Expense,Fuel,Fuel,75.0
410,2026-04-20,Expense,Rent,Rent,25.0
419,2026-04-15,Income,Investment,Investment,850.0
416,2026-04-11,Expense,Clothing,Clothing,35.0
415,2026-04-11,Income,Interest,Interest,850.0
413,2026-04-09,Income,Freelance,Freelance,150.0
420,2026-04-06,Expense,Shopping,Shopping,35.0
423,2026-04-05,Expense,Rent,Rent,180.0
421,2026-04-03,Income,Interest,Interest,650.0
414,2026-04-02,Expense,Loan Payment,Loan Payment,300.0
409,2026-04-01,Income,Salary,Monthly Salary,3500.0
403,2026-03-28,Income,Refund,Refund,120.0
399,2026-03-24,Expense,Emergency,Emergency,300.0
407,2026-03-21,Expense,Internet,Internet,450.0
395,2026-03-21,Expense,Fuel,Fuel,75.0
404,2026-03-20,Expense,Groceries,Groceries,48.0
401,2026-03-17,Expense,Insurance,Insurance,58.0
408,2026-03-14,Expense,Clothing,Clothing,120.0
396,2026-03-11,Income,Business Income,Business Income,300.0
406,2026-03-09,Income,Gift,Gift,650.0
405,2026-03-06,Expense,Rent,Rent,35.0
400,2026-03-05,Expense,Savings,Savings,120.0
402,2026-03-03,Expense,Personal Care,Personal Care,42.0
398,2026-03-03,Expense,Gifts & Donations,Gifts & Donations,120.0
397,2026-03-02,Expense,Shopping,Shopping,99.0
394,2026-03-01,Income,Salary,Monthly Salary,3500.0
386,2026-02-27,Income,Interest,Interest,150.0
391,2026-02-25,Income,Freelance,Freelance,850.0
389,2026-02-25,Expense,Healthcare,Healthcare,250.0
384,2026-02-25,Expense,Gifts & Donations,Gifts & Donations,90.0
385,2026-02-24,Expense,Personal Care,Personal Care,250.0
392,2026-02-19,Expense,Entertainment,Entertainment,75.0
383,2026-02-18,Expense,Transportation,Transportation,90.0
388,2026-02-17,Expense,Healthcare,Healthcare,220.0
380,2026-02-17,Expense,Entertainment,Entertainment,300.0
387,2026-02-14,Expense,Rent,Rent,150.0
390,2026-02-10,Expense,Internet,Internet,42.0
382,2026-02-10,Expense,Mobile Bill,Mobile Bill,18.0
393,2026-02-08,Expense,Mobile Bill,Mobile Bill,450.0
381,2026-02-08,Expense,Mobile Bill,Mobile Bill,129.0
379,2026-02-01,Income,Salary,Monthly Salary,3500.0
371,2026-01-28,Expense,Travel,Travel,150.0
368,2026-01-27,Expense,Groceries,Groceries,150.0
367,2026-01-24,Expense,Miscellaneous,Miscellaneous,42.0
366,2026-01-24,Income,Investment,Investment,120.0
372,2026-01-22,Expense,Clothing,Clothing,48.0
378,2026-01-21,Expense,Insurance,Insurance,18.0
365,2026-01-20,Expense,Education,Education,180.0
369,2026-01-19,Expense,Healthcare,Healthcare,35.0
370,2026-01-18,Expense,Food & Dining,Food & Dining,220.0
377,2026-01-16,Income,Refund,Refund,650.0
375,2026-01-16,Expense,Savings,Savings,99.0
373,2026-01-15,Income,Other Income,Other Income,850.0
376,2026-01-12,Expense,Transportation,Transportation,99.0
374,2026-01-10,Expense,Gifts & Donations,Gifts & Donations,300.0
364,2026-01-01,Income,Salary,Monthly Salary,3500.0
355,2025-12-28,Income,Bonus,Bonus,850.0
361,2025-12-24,Expense,Healthcare,Healthcare,58.0
360,2025-12-23,Income,Investment,Investment,450.0
357,2025-12-22,Income,Bonus,Bonus,1000.0
362,2025-12-21,Expense,Fuel,Fuel,58.0
359,2025-12-21,Income,Business Income,Business Income,450.0
350,2025-12-21,Expense,Education,Education,18.0
356,2025-12-19,Income,Rental Income,Rental Income,150.0
363,2025-12-11,Income,Bonus,Bonus,300.0
354,2025-12-10,Expense,Travel,Travel,99.0
353,2025-12-08,Expense,Insurance,Insurance,180.0
352,2025-12-07,Income,Gift,Gift,300.0
351,2025-12-04,Expense,Shopping,Shopping,250.0
358,2025-12-02,Expense,Utilities,Utilities,18.0
349,2025-12-01,Income,Salary,Monthly Salary,3500.0
345,2025-11-26,Expense,Travel,Travel,90.0
343,2025-11-26,Expense,Food & Dining,Food & Dining,180.0
336,2025-11-26,Expense,Personal Care,Personal Care,90.0
348,2025-11-25,Income,Refund,Refund,150.0
346,2025-11-17,Income,Gift,Gift,450.0
344,2025-11-17,Income,Rental Income,Rental Income,300.0
341,2025-11-15,Expense,Clothing,Clothing,220.0
338,2025-11-10,Expense,Gifts & Donations,Gifts & Donations,35.0
337,2025-11-10,Expense,Rent,Rent,90.0
335,2025-11-10,Expense,Emergency,Emergency,99.0
340,2025-11-06,Expense,Transportation,Transportation,220.0
339,2025-11-06,Income,Gift,Gift,850.0
342,2025-11-03,Income,Gift,Gift,450.0
347,2025-11-02,Expense,Miscellaneous,Miscellaneous,180.0
334,2025-11-01,Income,Salary,Monthly Salary,3500.0
327,2025-10-26,Expense,Travel,Travel,90.0
324,2025-10-26,Income,Gift,Gift,850.0
325,2025-10-20,Income,Gift,Gift,450.0
331,2025-10-19,Expense,Clothing,Clothing,450.0
332,2025-10-15,Expense,Gifts & Donations,Gifts & Donations,250.0
326,2025-10-14,Income,Bonus,Bonus,1000.0
320,2025-10-11,Expense,Emergency,Emergency,129.0
322,2025-10-09,Expense,Shopping,Shopping,18.0
333,2025-10-07,Expense,Personal Care,Personal Care,250.0
328,2025-10-07,Expense,Fitness,Fitness,250.0
330,2025-10-06,Expense,Miscellaneous,Miscellaneous,450.0
321,2025-10-04,Expense,Internet,Internet,120.0
329,2025-10-03,Expense,Fuel,Fuel,250.0
323,2025-10-03,Income,Refund,Refund,650.0
319,2025-10-01,Income,Salary,Monthly Salary,3500.0
309,2025-09-27,Expense,Miscellaneous,Miscellaneous,75.0
315,2025-09-21,Expense,Education,Education,18.0
311,2025-09-21,Expense,Fuel,Fuel,120.0
318,2025-09-18,Expense,Entertainment,Entertainment,35.0
312,2025-09-18,Expense,Travel,Travel,129.0
317,2025-09-16,Expense,Miscellaneous,Miscellaneous,75.0
306,2025-09-15,Expense,Fitness,Fitness,42.0
313,2025-09-14,Expense,Gifts & Donations,Gifts & Donations,48.0
307,2025-09-14,Expense,Utilities,Utilities,99.0
310,2025-09-13,Expense,Miscellaneous,Miscellaneous,129.0
316,2025-09-11,Expense,Travel,Travel,129.0
314,2025-09-08,Expense,Education,Education,58.0
305,2025-09-05,Expense,Healthcare,Healthcare,129.0
308,2025-09-03,Expense,Food & Dining,Food & Dining,450.0
304,2025-09-01,Income,Salary,Monthly Salary,3500.0
298,2025-08-28,Expense,Internet,Internet,90.0
297,2025-08-28,Expense,Healthcare,Healthcare,120.0
301,2025-08-22,Expense,Miscellaneous,Miscellaneous,129.0
303,2025-08-20,Expense,Mobile Bill,Mobile Bill,25.0
294,2025-08-15,Expense,Internet,Internet,99.0
291,2025-08-13,Expense,Travel,Travel,48.0
300,2025-08-10,Expense,Mobile Bill,Mobile Bill,150.0
292,2025-08-09,Expense,Entertainment,Entertainment,220.0
290,2025-08-08,Expense,Miscellaneous,Miscellaneous,42.0
295,2025-08-07,Expense,Fuel,Fuel,180.0
296,2025-08-03,Expense,Internet,Internet,75.0
302,2025-08-02,Income,Interest,Interest,150.0
299,2025-08-02,Expense,Education,Education,129.0
293,2025-08-02,Income,Rental Income,Rental Income,1000.0
289,2025-08-01,Income,Salary,Monthly Salary,3500.0
288,2025-07-27,Expense,Groceries,Groceries,150.0
277,2025-07-23,Income,Business Income,Business Income,300.0
282,2025-07-22,Expense,Mobile Bill,Mobile Bill,25.0
275,2025-07-21,Expense,Emergency,Emergency,450.0
285,2025-07-19,Income,Freelance,Freelance,850.0
281,2025-07-17,Expense,Groceries,Groceries,35.0
287,2025-07-15,Income,Interest,Interest,300.0
279,2025-07-10,Expense,Utilities,Utilities,129.0
280,2025-07-08,Expense,Mobile Bill,Mobile Bill,450.0
284,2025-07-07,Expense,Gifts & Donations,Gifts & Donations,220.0
286,2025-07-06,Expense,Healthcare,Healthcare,48.0
278,2025-07-05,Expense,Gifts & Donations,Gifts & Donations,48.0
283,2025-07-02,Expense,Shopping,Shopping,99.0
276,2025-07-02,Expense,Gifts & Donations,Gifts & Donations,120.0
274,2025-07-01,Income,Salary,Monthly Salary,3500.0
265,2025-06-20,Expense,Loan Payment,Loan Payment,35.0
260,2025-06-20,Expense,Groceries,Groceries,129.0
262,2025-06-18,Income,Other Income,Other Income,120.0
270,2025-06-16,Expense,Savings,Savings,42.0
269,2025-06-16,Expense,Transportation,Transportation,18.0
266,2025-06-15,Expense,Savings,Savings,450.0
273,2025-06-13,Expense,Clothing,Clothing,120.0
267,2025-06-12,Expense,Utilities,Utilities,129.0
268,2025-06-09,Expense,Shopping,Shopping,120.0
264,2025-06-09,Expense,Savings,Savings,90.0
263,2025-06-07,Income,Freelance,Freelance,850.0
272,2025-06-06,Expense,Transportation,Transportation,90.0
271,2025-06-04,Expense,Fitness,Fitness,99.0
261,2025-06-03,Income,Refund,Refund,650.0
259,2025-06-01,Income,Salary,Monthly Salary,3500.0
251,2025-05-27,Expense,Gifts & Donations,Gifts & Donations,42.0
257,2025-05-15,Expense,Gifts & Donations,Gifts & Donations,300.0
254,2025-05-15,Expense,Utilities,Utilities,180.0
246,2025-05-15,Expense,Groceries,Groceries,42.0
256,2025-05-10,Expense,Clothing,Clothing,120.0
250,2025-05-09,Expense,Transportation,Transportation,250.0
248,2025-05-09,Income,Other Income,Other Income,450.0
258,2025-05-06,Income,Investment,Investment,120.0
249,2025-05-06,Expense,Mobile Bill,Mobile Bill,250.0
245,2025-05-05,Income,Gift,Gift,300.0
253,2025-05-04,Expense,Internet,Internet,58.0
255,2025-05-03,Income,Bonus,Bonus,450.0
252,2025-05-03,Expense,Gifts & Donations,Gifts & Donations,18.0
247,2025-05-03,Expense,Insurance,Insurance,42.0
244,2025-05-01,Income,Salary,Monthly Salary,3500.0
243,2025-04-27,Expense,Travel,Travel,75.0
231,2025-04-25,Expense,Transportation,Transportation,48.0
238,2025-04-20,Expense,Savings,Savings,90.0
242,2025-04-19,Income,Refund,Refund,150.0
241,2025-04-18,Income,Refund,Refund,150.0
236,2025-04-16,Expense,Clothing,Clothing,42.0
235,2025-04-14,Expense,Emergency,Emergency,150.0
233,2025-04-10,Expense,Loan Payment,Loan Payment,220.0
237,2025-04-09,Income,Rental Income,Rental Income,120.0
234,2025-04-08,Expense,Utilities,Utilities,120.0
232,2025-04-06,Expense,Gifts & Donations,Gifts & Donations,58.0
240,2025-04-04,Expense,Insurance,Insurance,35.0
230,2025-04-03,Income,Freelance,Freelance,120.0
239,2025-04-02,Income,Bonus,Bonus,150.0
229,2025-04-01,Income,Salary,Monthly Salary,3500.0
223,2025-03-26,Income,Freelance,Freelance,1000.0
220,2025-03-23,Expense,Mobile Bill,Mobile Bill,129.0
217,2025-03-23,Expense,Transportation,Transportation,180.0
224,2025-03-22,Expense,Emergency,Emergency,450.0
227,2025-03-21,Expense,Food & Dining,Food & Dining,42.0
225,2025-03-21,Income,Rental Income,Rental Income,1000.0
215,2025-03-17,Income,Bonus,Bonus,1000.0
218,2025-03-14,Expense,Clothing,Clothing,450.0
228,2025-03-13,Expense,Rent,Rent,90.0
219,2025-03-10,Expense,Food & Dining,Food & Dining,42.0
226,2025-03-07,Expense,Fitness,Fitness,18.0
221,2025-03-05,Expense,Entertainment,Entertainment,250.0
216,2025-03-05,Income,Business Income,Business Income,1000.0
222,2025-03-02,Expense,Mobile Bill,Mobile Bill,450.0
214,2025-03-01,Income,Salary,Monthly Salary,3500.0
208,2025-02-28,Income,Rental Income,Rental Income,450.0
212,2025-02-25,Expense,Savings,Savings,180.0
204,2025-02-24,Expense,Emergency,Emergency,35.0
207,2025-02-23,Expense,Groceries,Groceries,90.0
200,2025-02-23,Income,Interest,Interest,120.0
210,2025-02-22,Expense,Emergency,Emergency,250.0
205,2025-02-21,Expense,Gifts & Donations,Gifts & Donations,90.0
202,2025-02-16,Expense,Healthcare,Healthcare,58.0
213,2025-02-13,Income,Business Income,Business Income,650.0
203,2025-02-13,Expense,Miscellaneous,Miscellaneous,99.0
209,2025-02-10,Income,Rental Income,Rental Income,150.0
201,2025-02-09,Expense,Education,Education,99.0
206,2025-02-07,Expense,Mobile Bill,Mobile Bill,90.0
211,2025-02-06,Expense,Internet,Internet,99.0
199,2025-02-01,Income,Salary,Monthly Salary,3500.0
192,2025-01-26,Expense,Travel,Travel,129.0
187,2025-01-25,Expense,Transportation,Transportation,220.0
190,2025-01-24,Expense,Gifts & Donations,Gifts & Donations,220.0
185,2025-01-22,Income,Interest,Interest,150.0
195,2025-01-21,Expense,Groceries,Groceries,250.0
198,2025-01-20,Income,Freelance,Freelance,120.0
197,2025-01-19,Expense,Emergency,Emergency,150.0
196,2025-01-19,Income,Gift,Gift,120.0
189,2025-01-18,Expense,Gifts & Donations,Gifts & Donations,75.0
193,2025-01-10,Income,Rental Income,Rental Income,120.0
191,2025-01-09,Expense,Mobile Bill,Mobile Bill,18.0
186,2025-01-09,Income,Freelance,Freelance,850.0
194,2025-01-04,Expense,Healthcare,Healthcare,150.0
188,2025-01-03,Income,Investment,Investment,150.0
184,2025-01-01,Income,Salary,Monthly Salary,3500.0
171,2024-12-26,Expense,Fitness,Fitness,180.0
183,2024-12-25,Expense,Personal Care,Personal Care,129.0
178,2024-12-25,Expense,Mobile Bill,Mobile Bill,48.0
182,2024-12-21,Expense,Clothing,Clothing,220.0
172,2024-12-18,Expense,Emergency,Emergency,48.0
174,2024-12-17,Income,Business Income,Business Income,300.0
170,2024-12-17,Expense,Loan Payment,Loan Payment,35.0
175,2024-12-15,Expense,Internet,Internet,220.0
177,2024-12-14,Expense,Savings,Savings,42.0
176,2024-12-14,Expense,Entertainment,Entertainment,180.0
180,2024-12-13,Expense,Savings,Savings,75.0
179,2024-12-12,Income,Rental Income,Rental Income,120.0
173,2024-12-09,Expense,Utilities,Utilities,48.0
181,2024-12-06,Expense,Clothing,Clothing,42.0
169,2024-12-01,Income,Salary,Monthly Salary,3400.0
158,2024-11-28,Expense,Transportation,Transportation,450.0
162,2024-11-27,Income,Business Income,Business Income,1000.0
161,2024-11-26,Expense,Clothing,Clothing,90.0
166,2024-11-16,Income,Freelance,Freelance,150.0
163,2024-11-13,Expense,Food & Dining,Food & Dining,250.0
159,2024-11-13,Expense,Fuel,Fuel,150.0
160,2024-11-10,Expense,Savings,Savings,450.0
164,2024-11-09,Expense,Groceries,Groceries,48.0
156,2024-11-09,Expense,Mobile Bill,Mobile Bill,35.0
168,2024-11-08,Expense,Utilities,Utilities,90.0
165,2024-11-08,Expense,Savings,Savings,42.0
157,2024-11-06,Expense,Groceries,Groceries,99.0
155,2024-11-03,Income,Business Income,Business Income,150.0
167,2024-11-02,Expense,Entertainment,Entertainment,250.0
154,2024-11-01,Income,Salary,Monthly Salary,3400.0
146,2024-10-28,Income,Interest,Interest,1000.0
147,2024-10-26,Income,Other Income,Other Income,1000.0
150,2024-10-25,Expense,Fitness,Fitness,99.0
144,2024-10-25,Income,Bonus,Bonus,1000.0
152,2024-10-24,Expense,Entertainment,Entertainment,48.0
145,2024-10-24,Expense,Miscellaneous,Miscellaneous,450.0
149,2024-10-20,Expense,Mobile Bill,Mobile Bill,220.0
143,2024-10-17,Expense,Personal Care,Personal Care,250.0
141,2024-10-15,Expense,Clothing,Clothing,75.0
148,2024-10-13,Income,Refund,Refund,650.0
153,2024-10-08,Income,Bonus,Bonus,300.0
142,2024-10-06,Expense,Fitness,Fitness,220.0
151,2024-10-05,Income,Other Income,Other Income,850.0
140,2024-10-02,Expense,Loan Payment,Loan Payment,450.0
139,2024-10-01,Income,Salary,Monthly Salary,3400.0
133,2024-09-27,Expense,Groceries,Groceries,58.0
132,2024-09-26,Expense,Entertainment,Entertainment,120.0
127,2024-09-23,Expense,Personal Care,Personal Care,90.0
125,2024-09-22,Expense,Rent,Rent,300.0
130,2024-09-19,Expense,Healthcare,Healthcare,48.0
135,2024-09-14,Income,Investment,Investment,850.0
137,2024-09-13,Expense,Internet,Internet,42.0
138,2024-09-12,Expense,Clothing,Clothing,129.0
129,2024-09-12,Income,Other Income,Other Income,1000.0
128,2024-09-11,Expense,Insurance,Insurance,99.0
126,2024-09-11,Expense,Miscellaneous,Miscellaneous,75.0
136,2024-09-06,Income,Bonus,Bonus,450.0
134,2024-09-05,Expense,Emergency,Emergency,99.0
131,2024-09-03,Expense,Loan Payment,Loan Payment,129.0
124,2024-09-01,Income,Salary,Monthly Salary,3400.0
121,2024-08-24,Expense,Miscellaneous,Miscellaneous,300.0
123,2024-08-23,Expense,Internet,Internet,129.0
119,2024-08-21,Income,Freelance,Freelance,450.0
114,2024-08-19,Expense,Miscellaneous,Miscellaneous,120.0
117,2024-08-18,Expense,Gifts & Donations,Gifts & Donations,99.0
116,2024-08-18,Expense,Entertainment,Entertainment,35.0
111,2024-08-18,Expense,Personal Care,Personal Care,48.0
122,2024-08-16,Expense,Fitness,Fitness,450.0
113,2024-08-11,Expense,Miscellaneous,Miscellaneous,250.0
112,2024-08-10,Expense,Clothing,Clothing,150.0
110,2024-08-10,Income,Freelance,Freelance,450.0
118,2024-08-08,Income,Refund,Refund,300.0
115,2024-08-07,Expense,Personal Care,Personal Care,150.0
120,2024-08-03,Expense,Miscellaneous,Miscellaneous,35.0
109,2024-08-01,Income,Salary,Monthly Salary,3400.0
95,2024-07-26,Expense,Groceries,Groceries,99.0
107,2024-07-24,Expense,Gifts & Donations,Gifts & Donations,75.0
102,2024-07-23,Income,Business Income,Business Income,300.0
96,2024-07-23,Expense,Utilities,Utilities,220.0
105,2024-07-20,Expense,Fitness,Fitness,99.0
99,2024-07-20,Expense,Education,Education,42.0
103,2024-07-15,Expense,Insurance,Insurance,90.0
101,2024-07-11,Expense,Shopping,Shopping,180.0
98,2024-07-10,Income,Freelance,Freelance,120.0
100,2024-07-09,Expense,Internet,Internet,58.0
106,2024-07-08,Expense,Gifts & Donations,Gifts & Donations,48.0
97,2024-07-07,Income,Refund,Refund,1000.0
108,2024-07-06,Expense,Miscellaneous,Miscellaneous,90.0
104,2024-07-02,Expense,Education,Education,48.0
94,2024-07-01,Income,Salary,Monthly Salary,3400.0
92,2024-06-26,Expense,Shopping,Shopping,42.0
88,2024-06-18,Income,Interest,Interest,300.0
84,2024-06-16,Expense,Groceries,Groceries,99.0
93,2024-06-15,Expense,Utilities,Utilities,35.0
86,2024-06-15,Expense,Emergency,Emergency,129.0
82,2024-06-15,Expense,Savings,Savings,120.0
85,2024-06-14,Expense,Utilities,Utilities,99.0
87,2024-06-11,Expense,Shopping,Shopping,35.0
83,2024-06-11,Expense,Miscellaneous,Miscellaneous,75.0
80,2024-06-11,Expense,Fitness,Fitness,90.0
89,2024-06-09,Expense,Education,Education,120.0
81,2024-06-09,Expense,Healthcare,Healthcare,90.0
90,2024-06-07,Expense,Personal Care,Personal Care,150.0
91,2024-06-02,Expense,Education,Education,35.0
79,2024-06-01,Income,Salary,Monthly Salary,3400.0
77,2024-05-28,Expense,Healthcare,Healthcare,250.0
76,2024-05-28,Expense,Internet,Internet,120.0
69,2024-05-27,Expense,Mobile Bill,Mobile Bill,90.0
68,2024-05-24,Income,Gift,Gift,120.0
78,2024-05-22,Income,Gift,Gift,1000.0
75,2024-05-20,Expense,Savings,Savings,58.0
73,2024-05-19,Income,Investment,Investment,120.0
74,2024-05-18,Income,Gift,Gift,650.0
65,2024-05-15,Expense,Loan Payment,Loan Payment,129.0
67,2024-05-13,Expense,Entertainment,Entertainment,450.0
71,2024-05-08,Expense,Fuel,Fuel,220.0
66,2024-05-07,Income,Freelance,Freelance,120.0
72,2024-05-05,Expense,Mobile Bill,Mobile Bill,220.0
70,2024-05-05,Expense,Savings,Savings,48.0
64,2024-05-01,Income,Salary,Monthly Salary,3400.0
61,2024-04-28,Expense,Travel,Travel,35.0
51,2024-04-28,Expense,Utilities,Utilities,180.0
54,2024-04-26,Income,Refund,Refund,850.0
60,2024-04-23,Expense,Internet,Internet,42.0
52,2024-04-20,Expense,Travel,Travel,48.0
58,2024-04-19,Expense,Travel,Travel,129.0
50,2024-04-12,Expense,Clothing,Clothing,250.0
63,2024-04-10,Expense,Healthcare,Healthcare,250.0
56,2024-04-09,Expense,Travel,Travel,25.0
57,2024-04-08,Expense,Gifts & Donations,Gifts & Donations,300.0
53,2024-04-08,Income,Gift,Gift,150.0
62,2024-04-06,Income,Rental Income,Rental Income,300.0
59,2024-04-02,Expense,Gifts & Donations,Gifts & Donations,99.0
55,2024-04-02,Income,Bonus,Bonus,1000.0
49,2024-04-01,Income,Salary,Monthly Salary,3400.0
40,2024-03-28,Income,Freelance,Freelance,650.0
36,2024-03-27,Expense,Fitness,Fitness,90.0
38,2024-03-25,Expense,Emergency,Emergency,35.0
45,2024-03-24,Expense,Fuel,Fuel,99.0
48,2024-03-22,Income,Business Income,Business Income,450.0
47,2024-03-21,Expense,Utilities,Utilities,75.0
44,2024-03-21,Income,Business Income,Business Income,650.0
43,2024-03-21,Expense,Loan Payment,Loan Payment,18.0
35,2024-03-18,Income,Investment,Investment,150.0
37,2024-03-12,Expense,Groceries,Groceries,180.0
41,2024-03-07,Income,Business Income,Business Income,150.0
39,2024-03-05,Income,Other Income,Other Income,150.0
42,2024-03-04,Income,Freelance,Freelance,1000.0
46,2024-03-02,Income,Freelance,Freelance,850.0
34,2024-03-01,Income,Salary,Monthly Salary,3400.0
28,2024-02-28,Income,Business Income,Business Income,450.0
29,2024-02-24,Income,Investment,Investment,120.0
25,2024-02-24,Expense,Clothing,Clothing,58.0
32,2024-02-23,Expense,Utilities,Utilities,35.0
26,2024-02-23,Expense,Shopping,Shopping,129.0
31,2024-02-21,Expense,Fitness,Fitness,220.0
21,2024-02-21,Income,Investment,Investment,150.0
23,2024-02-17,Expense,Emergency,Emergency,48.0
22,2024-02-16,Expense,Utilities,Utilities,150.0
20,2024-02-12,Expense,Savings,Savings,220.0
33,2024-02-11,Expense,Shopping,Shopping,99.0
24,2024-02-10,Expense,Insurance,Insurance,129.0
30,2024-02-08,Expense,Internet,Internet,250.0
27,2024-02-08,Expense,Transportation,Transportation,42.0
19,2024-02-01,Income,Salary,Monthly Salary,3400.0
13,2024-01-26,Expense,Travel,Travel,250.0
6,2024-01-25,Expense,Mobile Bill,Mobile Bill,90.0
11,2024-01-24,Expense,Emergency,Emergency,48.0
7,2024-01-22,Expense,Personal Care,Personal Care,150.0
12,2024-01-19,Income,Gift,Gift,120.0
5,2024-01-17,Income,Interest,Interest,150.0
17,2024-01-15,Income,Bonus,Bonus,850.0
16,2024-01-15,Expense,Savings,Savings,75.0
8,2024-01-15,Expense,Loan Payment,Loan Payment,75.0
15,2024-01-14,Expense,Utilities,Utilities,129.0
9,2024-01-11,Expense,Insurance,Insurance,450.0
18,2024-01-09,Expense,Mobile Bill,Mobile Bill,450.0
14,2024-01-05,Expense,Shopping,Shopping,129.0
10,2024-01-04,Expense,Utilities,Utilities,250.0
4,2024-01-01,Income,Salary,Monthly Salary,3400.0
818,2023-12-21,Income,Rental,Rental Income,817.0
828,2023-12-20,Expense,Shopping,Online Shopping,373.0
827,2023-12-18,Expense,Shopping,Online Shopping,270.0
817,2023-12-17,Income,Investment,Dividend,236.0
826,2023-12-16,Expense,Travel,Weekend Trip,109.0
825,2023-12-14,Expense,Utilities,Electricity Bill,311.0
816,2023-12-13,Income,Bonus,Performance Bonus,500.0
824,2023-12-12,Expense,Education,Books,526.0
823,2023-12-10,Expense,Utilities,Electricity Bill,313.0
815,2023-12-09,Income,Freelance,Website Project,1073.0
822,2023-12-08,Expense,Travel,Weekend Trip,295.0
821,2023-12-06,Expense,Transport,Fuel,516.0
814,2023-12-05,Income,Salary,Monthly Salary,3500.0
820,2023-12-04,Expense,Education,Books,486.0
819,2023-12-02,Expense,Education,Books,466.0
803,2023-11-21,Income,Rental,Rental Income,604.0
813,2023-11-20,Expense,Insurance,Insurance Payment,354.0
812,2023-11-18,Expense,Education,Books,602.0
802,2023-11-17,Income,Investment,Dividend,206.0
811,2023-11-16,Expense,Transport,Fuel,505.0
810,2023-11-14,Expense,Groceries,Supermarket,497.0
801,2023-11-13,Income,Bonus,Performance Bonus,500.0
809,2023-11-12,Expense,Education,Books,285.0
808,2023-11-10,Expense,Travel,Weekend Trip,81.0
800,2023-11-09,Income,Freelance,Website Project,1035.0
807,2023-11-08,Expense,Transport,Fuel,560.0
806,2023-11-06,Expense,Entertainment,Movie,254.0
799,2023-11-05,Income,Salary,Monthly Salary,3700.0
805,2023-11-04,Expense,Food & Dining,Restaurant,139.0
804,2023-11-02,Expense,Utilities,Electricity Bill,181.0
788,2023-10-21,Income,Rental,Rental Income,737.0
798,2023-10-20,Expense,Insurance,Insurance Payment,229.0
797,2023-10-18,Expense,Travel,Weekend Trip,454.0
787,2023-10-17,Income,Investment,Dividend,123.0
796,2023-10-16,Expense,Insurance,Insurance Payment,104.0
795,2023-10-14,Expense,Utilities,Electricity Bill,516.0
786,2023-10-13,Income,Bonus,Performance Bonus,500.0
794,2023-10-12,Expense,Food & Dining,Restaurant,77.0
793,2023-10-10,Expense,Utilities,Electricity Bill,180.0
785,2023-10-09,Income,Freelance,Website Project,823.0
792,2023-10-08,Expense,Shopping,Online Shopping,260.0
791,2023-10-06,Expense,Groceries,Supermarket,270.0
784,2023-10-05,Income,Salary,Monthly Salary,3600.0
790,2023-10-04,Expense,Education,Books,373.0
789,2023-10-02,Expense,Groceries,Supermarket,320.0
773,2023-09-21,Income,Rental,Rental Income,465.0
783,2023-09-20,Expense,Travel,Weekend Trip,248.0
782,2023-09-18,Expense,Travel,Weekend Trip,482.0
772,2023-09-17,Income,Investment,Dividend,221.0
781,2023-09-16,Expense,Insurance,Insurance Payment,359.0
780,2023-09-14,Expense,Utilities,Electricity Bill,470.0
771,2023-09-13,Income,Bonus,Performance Bonus,300.0
779,2023-09-12,Expense,Shopping,Online Shopping,323.0
778,2023-09-10,Expense,Education,Books,30.0
770,2023-09-09,Income,Freelance,Website Project,712.0
777,2023-09-08,Expense,Shopping,Online Shopping,445.0
776,2023-09-06,Expense,Insurance,Insurance Payment,612.0
769,2023-09-05,Income,Salary,Monthly Salary,3500.0
775,2023-09-04,Expense,Entertainment,Movie,208.0
774,2023-09-02,Expense,Utilities,Electricity Bill,460.0
758,2023-08-21,Income,Rental,Rental Income,860.0
768,2023-08-20,Expense,Entertainment,Movie,364.0
767,2023-08-18,Expense,Education,Books,346.0
757,2023-08-17,Income,Investment,Dividend,178.0
766,2023-08-16,Expense,Groceries,Supermarket,337.0
765,2023-08-14,Expense,Healthcare,Clinic Visit,351.0
756,2023-08-13,Income,Bonus,Performance Bonus,0.0
764,2023-08-12,Expense,Entertainment,Movie,101.0
763,2023-08-10,Expense,Utilities,Electricity Bill,402.0
755,2023-08-09,Income,Freelance,Website Project,823.0
762,2023-08-08,Expense,Education,Books,581.0
761,2023-08-06,Expense,Entertainment,Movie,31.0
754,2023-08-05,Income,Salary,Monthly Salary,3700.0
760,2023-08-04,Expense,Shopping,Online Shopping,75.0
759,2023-08-02,Expense,Insurance,Insurance Payment,224.0
743,2023-07-21,Income,Rental,Rental Income,895.0
753,2023-07-20,Expense,Entertainment,Movie,650.0
752,2023-07-18,Expense,Healthcare,Clinic Visit,351.0
742,2023-07-17,Income,Investment,Dividend,97.0
751,2023-07-16,Expense,Insurance,Insurance Payment,474.0
750,2023-07-14,Expense,Food & Dining,Restaurant,141.0
741,2023-07-13,Income,Bonus,Performance Bonus,300.0
749,2023-07-12,Expense,Insurance,Insurance Payment,301.0
748,2023-07-10,Expense,Shopping,Online Shopping,212.0
740,2023-07-09,Income,Freelance,Website Project,636.0
747,2023-07-08,Expense,Food & Dining,Restaurant,148.0
746,2023-07-06,Expense,Education,Books,369.0
739,2023-07-05,Income,Salary,Monthly Salary,3600.0
745,2023-07-04,Expense,Education,Books,439.0
744,2023-07-02,Expense,Shopping,Online Shopping,389.0
728,2023-06-21,Income,Rental,Rental Income,412.0
738,2023-06-20,Expense,Utilities,Electricity Bill,438.0
737,2023-06-18,Expense,Utilities,Electricity Bill,54.0
727,2023-06-17,Income,Investment,Dividend,185.0
736,2023-06-16,Expense,Shopping,Online Shopping,263.0
735,2023-06-14,Expense,Travel,Weekend Trip,388.0
726,2023-06-13,Income,Bonus,Performance Bonus,200.0
734,2023-06-12,Expense,Utilities,Electricity Bill,234.0
733,2023-06-10,Expense,Food & Dining,Restaurant,511.0
725,2023-06-09,Income,Freelance,Website Project,1119.0
732,2023-06-08,Expense,Groceries,Supermarket,421.0
731,2023-06-06,Expense,Shopping,Online Shopping,193.0
724,2023-06-05,Income,Salary,Monthly Salary,3500.0
730,2023-06-04,Expense,Entertainment,Movie,284.0
729,2023-06-02,Expense,Transport,Fuel,370.0
713,2023-05-21,Income,Rental,Rental Income,418.0
723,2023-05-20,Expense,Utilities,Electricity Bill,196.0
722,2023-05-18,Expense,Entertainment,Movie,188.0
712,2023-05-17,Income,Investment,Dividend,219.0
721,2023-05-16,Expense,Healthcare,Clinic Visit,603.0
720,2023-05-14,Expense,Utilities,Electricity Bill,135.0
711,2023-05-13,Income,Bonus,Performance Bonus,200.0
719,2023-05-12,Expense,Healthcare,Clinic Visit,245.0
718,2023-05-10,Expense,Healthcare,Clinic Visit,70.0
710,2023-05-09,Income,Freelance,Website Project,377.0
717,2023-05-08,Expense,Food & Dining,Restaurant,345.0
716,2023-05-06,Expense,Entertainment,Movie,160.0
709,2023-05-05,Income,Salary,Monthly Salary,3700.0
715,2023-05-04,Expense,Education,Books,181.0
714,2023-05-02,Expense,Healthcare,Clinic Visit,626.0
698,2023-04-21,Income,Rental,Rental Income,751.0
708,2023-04-20,Expense,Food & Dining,Restaurant,144.0
707,2023-04-18,Expense,Entertainment,Movie,604.0
697,2023-04-17,Income,Investment,Dividend,132.0
706,2023-04-16,Expense,Travel,Weekend Trip,594.0
705,2023-04-14,Expense,Shopping,Online Shopping,195.0
696,2023-04-13,Income,Bonus,Performance Bonus,300.0
704,2023-04-12,Expense,Healthcare,Clinic Visit,163.0
703,2023-04-10,Expense,Food & Dining,Restaurant,33.0
695,2023-04-09,Income,Freelance,Website Project,1034.0
702,2023-04-08,Expense,Entertainment,Movie,313.0
701,2023-04-06,Expense,Food & Dining,Restaurant,124.0
694,2023-04-05,Income,Salary,Monthly Salary,3600.0
700,2023-04-04,Expense,Travel,Weekend Trip,287.0
699,2023-04-02,Expense,Shopping,Online Shopping,547.0
683,2023-03-21,Income,Rental,Rental Income,545.0
693,2023-03-20,Expense,Insurance,Insurance Payment,245.0
692,2023-03-18,Expense,Shopping,Online Shopping,318.0
682,2023-03-17,Income,Investment,Dividend,174.0
691,2023-03-16,Expense,Education,Books,189.0
690,2023-03-14,Expense,Groceries,Supermarket,139.0
681,2023-03-13,Income,Bonus,Performance Bonus,200.0
689,2023-03-12,Expense,Transport,Fuel,300.0
688,2023-03-10,Expense,Shopping,Online Shopping,136.0
680,2023-03-09,Income,Freelance,Website Project,370.0
687,2023-03-08,Expense,Food & Dining,Restaurant,597.0
686,2023-03-06,Expense,Insurance,Insurance Payment,571.0
679,2023-03-05,Income,Salary,Monthly Salary,3500.0
685,2023-03-04,Expense,Education,Books,339.0
684,2023-03-02,Expense,Transport,Fuel,478.0
668,2023-02-21,Income,Rental,Rental Income,742.0
678,2023-02-20,Expense,Transport,Fuel,387.0
677,2023-02-18,Expense,Education,Books,301.0
667,2023-02-17,Income,Investment,Dividend,132.0
676,2023-02-16,Expense,Education,Books,248.0
675,2023-02-14,Expense,Groceries,Supermarket,105.0
666,2023-02-13,Income,Bonus,Performance Bonus,300.0
674,2023-02-12,Expense,Travel,Weekend Trip,606.0
673,2023-02-10,Expense,Groceries,Supermarket,39.0
665,2023-02-09,Income,Freelance,Website Project,623.0
672,2023-02-08,Expense,Travel,Weekend Trip,353.0
671,2023-02-06,Expense,Transport,Fuel,337.0
664,2023-02-05,Income,Salary,Monthly Salary,3700.0
670,2023-02-04,Expense,Shopping,Online Shopping,435.0
669,2023-02-02,Expense,Healthcare,Clinic Visit,274.0
653,2023-01-21,Income,Rental,Rental Income,891.0
663,2023-01-20,Expense,Insurance,Insurance Payment,565.0
662,2023-01-18,Expense,Entertainment,Movie,627.0
652,2023-01-17,Income,Investment,Dividend,94.0
661,2023-01-16,Expense,Insurance,Insurance Payment,113.0
660,2023-01-14,Expense,Insurance,Insurance Payment,70.0
651,2023-01-13,Income,Bonus,Performance Bonus,200.0
659,2023-01-12,Expense,Utilities,Electricity Bill,622.0
658,2023-01-10,Expense,Groceries,Supermarket,613.0
650,2023-01-09,Income,Freelance,Website Project,1173.0
657,2023-01-08,Expense,Utilities,Electricity Bill,443.0
656,2023-01-06,Expense,Insurance,Insurance Payment,99.0
649,2023-01-05,Income,Salary,Monthly Salary,3600.0
655,2023-01-04,Expense,Transport,Fuel,100.0
654,2023-01-02,Expense,Education,Books,112.0
638,2022-12-21,Income,Rental,Rental Income,599.0
648,2022-12-20,Expense,Travel,Weekend Trip,544.0
647,2022-12-18,Expense,Food & Dining,Restaurant,628.0
637,2022-12-17,Income,Investment,Dividend,80.0
646,2022-12-16,Expense,Healthcare,Clinic Visit,88.0
645,2022-12-14,Expense,Education,Books,92.0
636,2022-12-13,Income,Bonus,Performance Bonus,500.0
644,2022-12-12,Expense,Food & Dining,Restaurant,623.0
643,2022-12-10,Expense,Shopping,Online Shopping,252.0
635,2022-12-09,Income,Freelance,Website Project,468.0
642,2022-12-08,Expense,Transport,Fuel,224.0
641,2022-12-06,Expense,Education,Books,528.0
634,2022-12-05,Income,Salary,Monthly Salary,3500.0
640,2022-12-04,Expense,Shopping,Online Shopping,463.0
639,2022-12-02,Expense,Shopping,Online Shopping,495.0
623,2022-11-21,Income,Rental,Rental Income,616.0
633,2022-11-20,Expense,Entertainment,Movie,90.0
632,2022-11-18,Expense,Travel,Weekend Trip,248.0
622,2022-11-17,Income,Investment,Dividend,115.0
631,2022-11-16,Expense,Entertainment,Movie,527.0
630,2022-11-14,Expense,Utilities,Electricity Bill,200.0
621,2022-11-13,Income,Bonus,Performance Bonus,500.0
629,2022-11-12,Expense,Food & Dining,Restaurant,125.0
628,2022-11-10,Expense,Food & Dining,Restaurant,583.0
620,2022-11-09,Income,Freelance,Website Project,494.0
627,2022-11-08,Expense,Education,Books,130.0
626,2022-11-06,Expense,Groceries,Supermarket,483.0
619,2022-11-05,Income,Salary,Monthly Salary,3700.0
625,2022-11-04,Expense,Travel,Weekend Trip,285.0
624,2022-11-02,Expense,Transport,Fuel,315.0
608,2022-10-21,Income,Rental,Rental Income,695.0
618,2022-10-20,Expense,Utilities,Electricity Bill,226.0
617,2022-10-18,Expense,Healthcare,Clinic Visit,141.0
607,2022-10-17,Income,Investment,Dividend,226.0
616,2022-10-16,Expense,Food & Dining,Restaurant,442.0
615,2022-10-14,Expense,Food & Dining,Restaurant,130.0
606,2022-10-13,Income,Bonus,Performance Bonus,200.0
614,2022-10-12,Expense,Entertainment,Movie,508.0
613,2022-10-10,Expense,Healthcare,Clinic Visit,463.0
605,2022-10-09,Income,Freelance,Website Project,519.0
612,2022-10-08,Expense,Groceries,Supermarket,471.0
611,2022-10-06,Expense,Utilities,Electricity Bill,126.0
604,2022-10-05,Income,Salary,Monthly Salary,3600.0
610,2022-10-04,Expense,Travel,Weekend Trip,446.0
609,2022-10-02,Expense,Travel,Weekend Trip,278.0
593,2022-09-21,Income,Rental,Rental Income,515.0
603,2022-09-20,Expense,Shopping,Online Shopping,527.0
602,2022-09-18,Expense,Education,Books,273.0
592,2022-09-17,Income,Investment,Dividend,143.0
601,2022-09-16,Expense,Healthcare,Clinic Visit,102.0
600,2022-09-14,Expense,Groceries,Supermarket,62.0
591,2022-09-13,Income,Bonus,Performance Bonus,0.0
599,2022-09-12,Expense,Food & Dining,Restaurant,264.0
598,2022-09-10,Expense,Food & Dining,Restaurant,102.0
590,2022-09-09,Income,Freelance,Website Project,762.0
597,2022-09-08,Expense,Insurance,Insurance Payment,255.0
596,2022-09-06,Expense,Education,Books,265.0
589,2022-09-05,Income,Salary,Monthly Salary,3500.0
595,2022-09-04,Expense,Food & Dining,Restaurant,632.0
594,2022-09-02,Expense,Groceries,Supermarket,376.0
578,2022-08-21,Income,Rental,Rental Income,774.0
588,2022-08-20,Expense,Travel,Weekend Trip,559.0
587,2022-08-18,Expense,Entertainment,Movie,412.0
577,2022-08-17,Income,Investment,Dividend,101.0
586,2022-08-16,Expense,Utilities,Electricity Bill,349.0
585,2022-08-14,Expense,Utilities,Electricity Bill,582.0
576,2022-08-13,Income,Bonus,Performance Bonus,0.0
584,2022-08-12,Expense,Insurance,Insurance Payment,463.0
583,2022-08-10,Expense,Shopping,Online Shopping,570.0
575,2022-08-09,Income,Freelance,Website Project,1199.0
582,2022-08-08,Expense,Education,Books,199.0
581,2022-08-06,Expense,Transport,Fuel,516.0
574,2022-08-05,Income,Salary,Monthly Salary,3700.0
580,2022-08-04,Expense,Education,Books,158.0
579,2022-08-02,Expense,Travel,Weekend Trip,100.0
563,2022-07-21,Income,Rental,Rental Income,867.0
573,2022-07-20,Expense,Food & Dining,Restaurant,276.0
572,2022-07-18,Expense,Shopping,Online Shopping,275.0
562,2022-07-17,Income,Investment,Dividend,209.0
571,2022-07-16,Expense,Groceries,Supermarket,401.0
570,2022-07-14,Expense,Travel,Weekend Trip,49.0
561,2022-07-13,Income,Bonus,Performance Bonus,200.0
569,2022-07-12,Expense,Insurance,Insurance Payment,361.0
568,2022-07-10,Expense,Education,Books,30.0
560,2022-07-09,Income,Freelance,Website Project,812.0
567,2022-07-08,Expense,Transport,Fuel,582.0
566,2022-07-06,Expense,Transport,Fuel,412.0
559,2022-07-05,Income,Salary,Monthly Salary,3600.0
565,2022-07-04,Expense,Education,Books,233.0
564,2022-07-02,Expense,Groceries,Supermarket,335.0
548,2022-06-21,Income,Rental,Rental Income,705.0
558,2022-06-20,Expense,Food & Dining,Restaurant,299.0
557,2022-06-18,Expense,Transport,Fuel,494.0
547,2022-06-17,Income,Investment,Dividend,188.0
556,2022-06-16,Expense,Shopping,Online Shopping,475.0
555,2022-06-14,Expense,Healthcare,Clinic Visit,144.0
546,2022-06-13,Income,Bonus,Performance Bonus,200.0
554,2022-06-12,Expense,Education,Books,303.0
553,2022-06-10,Expense,Food & Dining,Restaurant,147.0
545,2022-06-09,Income,Freelance,Website Project,456.0
552,2022-06-08,Expense,Shopping,Online Shopping,596.0
551,2022-06-06,Expense,Travel,Weekend Trip,571.0
544,2022-06-05,Income,Salary,Monthly Salary,3500.0
550,2022-06-04,Expense,Entertainment,Movie,640.0
549,2022-06-02,Expense,Groceries,Supermarket,424.0
533,2022-05-21,Income,Rental,Rental Income,852.0
543,2022-05-20,Expense,Food & Dining,Restaurant,142.0
542,2022-05-18,Expense,Travel,Weekend Trip,123.0
532,2022-05-17,Income,Investment,Dividend,181.0
541,2022-05-16,Expense,Transport,Fuel,551.0
540,2022-05-14,Expense,Healthcare,Clinic Visit,254.0
531,2022-05-13,Income,Bonus,Performance Bonus,500.0
539,2022-05-12,Expense,Insurance,Insurance Payment,438.0
538,2022-05-10,Expense,Insurance,Insurance Payment,468.0
530,2022-05-09,Income,Freelance,Website Project,517.0
537,2022-05-08,Expense,Education,Books,299.0
536,2022-05-06,Expense,Utilities,Electricity Bill,604.0
529,2022-05-05,Income,Salary,Monthly Salary,3700.0
535,2022-05-04,Expense,Shopping,Online Shopping,172.0
534,2022-05-02,Expense,Travel,Weekend Trip,176.0
518,2022-04-21,Income,Rental,Rental Income,725.0
528,2022-04-20,Expense,Insurance,Insurance Payment,352.0
527,2022-04-18,Expense,Groceries,Supermarket,246.0
517,2022-04-17,Income,Investment,Dividend,235.0
526,2022-04-16,Expense,Entertainment,Movie,304.0
525,2022-04-14,Expense,Food & Dining,Restaurant,353.0
516,2022-04-13,Income,Bonus,Performance Bonus,0.0
524,2022-04-12,Expense,Food & Dining,Restaurant,264.0
523,2022-04-10,Expense,Utilities,Electricity Bill,362.0
515,2022-04-09,Income,Freelance,Website Project,1018.0
522,2022-04-08,Expense,Shopping,Online Shopping,600.0
521,2022-04-06,Expense,Travel,Weekend Trip,418.0
514,2022-04-05,Income,Salary,Monthly Salary,3600.0
520,2022-04-04,Expense,Utilities,Electricity Bill,197.0
519,2022-04-02,Expense,Transport,Fuel,576.0
503,2022-03-21,Income,Rental,Rental Income,682.0
513,2022-03-20,Expense,Utilities,Electricity Bill,303.0
512,2022-03-18,Expense,Healthcare,Clinic Visit,393.0
502,2022-03-17,Income,Investment,Dividend,100.0
511,2022-03-16,Expense,Healthcare,Clinic Visit,196.0
510,2022-03-14,Expense,Shopping,Online Shopping,494.0
501,2022-03-13,Income,Bonus,Performance Bonus,500.0
509,2022-03-12,Expense,Groceries,Supermarket,419.0
508,2022-03-10,Expense,Groceries,Supermarket,268.0
500,2022-03-09,Income,Freelance,Website Project,427.0
507,2022-03-08,Expense,Utilities,Electricity Bill,326.0
506,2022-03-06,Expense,Groceries,Supermarket,76.0
499,2022-03-05,Income,Salary,Monthly Salary,3500.0
505,2022-03-04,Expense,Insurance,Insurance Payment,226.0
504,2022-03-02,Expense,Shopping,Online Shopping,400.0
488,2022-02-21,Income,Rental,Rental Income,701.0
498,2022-02-20,Expense,Travel,Weekend Trip,579.0
497,2022-02-18,Expense,Shopping,Online Shopping,74.0
487,2022-02-17,Income,Investment,Dividend,194.0
496,2022-02-16,Expense,Healthcare,Clinic Visit,648.0
495,2022-02-14,Expense,Groceries,Supermarket,397.0
486,2022-02-13,Income,Bonus,Performance Bonus,200.0
494,2022-02-12,Expense,Groceries,Supermarket,419.0
493,2022-02-10,Expense,Healthcare,Clinic Visit,134.0
485,2022-02-09,Income,Freelance,Website Project,729.0
492,2022-02-08,Expense,Transport,Fuel,250.0
491,2022-02-06,Expense,Healthcare,Clinic Visit,314.0
484,2022-02-05,Income,Salary,Monthly Salary,3700.0
490,2022-02-04,Expense,Transport,Fuel,462.0
489,2022-02-02,Expense,Shopping,Online Shopping,36.0
473,2022-01-21,Income,Rental,Rental Income,779.0
483,2022-01-20,Expense,Utilities,Electricity Bill,588.0
482,2022-01-18,Expense,Food & Dining,Restaurant,604.0
472,2022-01-17,Income,Investment,Dividend,86.0
481,2022-01-16,Expense,Education,Books,646.0
480,2022-01-14,Expense,Utilities,Electricity Bill,268.0
471,2022-01-13,Income,Bonus,Performance Bonus,0.0
479,2022-01-12,Expense,Food & Dining,Restaurant,125.0
478,2022-01-10,Expense,Entertainment,Movie,62.0
470,2022-01-09,Income,Freelance,Website Project,954.0
477,2022-01-08,Expense,Groceries,Supermarket,634.0
476,2022-01-06,Expense,Groceries,Supermarket,588.0
469,2022-01-05,Income,Salary,Monthly Salary,3600.0
475,2022-01-04,Expense,Utilities,Electricity Bill,172.0
474,2022-01-02,Expense,Shopping,Online Shopping,280.0
